<?xml version="1.0" encoding="UTF-8"?>
<project-private xmlns="http://www.netbeans.org/ns/project-private/1">
    <editor-bookmarks xmlns="http://www.netbeans.org/ns/editor-bookmarks/2" lastBookmarkId="0"/>
    <open-files xmlns="http://www.netbeans.org/ns/projectui-open-files/2">
        <group>
            <file>file:/C:/Users/User/Documents/NetBeansProjects/SWS/web/adminreg.jsp</file>
            <file>file:/C:/Users/User/Documents/NetBeansProjects/SWS/src/java/adminfpwback.java</file>
            <file>file:/C:/Users/User/Documents/NetBeansProjects/SWS/web/adminlogin.jsp</file>
            <file>file:/C:/Users/User/Documents/NetBeansProjects/SWS/web/adminfpw.jsp</file>
            <file>file:/C:/Users/User/Documents/NetBeansProjects/SWS/src/java/adminlogin.java</file>
            <file>file:/C:/Users/User/Documents/NetBeansProjects/SWS/web/fpwback.jsp</file>
            <file>file:/C:/Users/User/Documents/NetBeansProjects/SWS/web/fpw.jsp</file>
        </group>
    </open-files>
</project-private>
